steps,time,reward,delta,converged
1,0.0010006427764892578,255.0,125.25,False
2,0.0009999275207519531,255.0,0,True
