steps,time,reward,delta,converged
1,0.0040018558502197266,0.7024544846453958,0.08552639192103956,False
2,0.004000663757324219,0.7155793900139884,1.5379515317770053e-07,True
