steps,time,reward,delta,converged
1,0.0019998550415039062,0.6666666666666666,0.08333333333333331,False
2,0.0030007362365722656,0.6666666666666666,0,True
