steps,time,reward,delta,converged
1,0.00400090217590332,0.7439132015298437,0.08796429849834309,False
2,0.005002021789550781,0.7753627265662426,7.38055513217848e-07,True
