steps,time,reward,delta,converged
1,0.08501935005187988,2.066423210556835,0.1287955675577402,False
2,0.17504024505615234,5.562979037322058,0.0028316800531068415,False
3,0.1760396957397461,5.591534387243111,8.511855485352697e-06,False
4,0.17503857612609863,5.591597611301502,8.511855485352697e-06,False
5,0.17503976821899414,5.5916047991318685,8.511855485352697e-06,False
6,0.1740398406982422,5.591605169481164,8.511855485352697e-06,False
7,0.17503976821899414,5.5916051737344725,8.511855485352697e-06,True
