steps,time,reward,delta,converged
1,0.015003442764282227,0.6666666666666666,0.08333333333333331,False
2,0.014003276824951172,0.6666666666666666,0,True
