steps,time,reward,delta,converged
1,0.0010013580322265625,0.6666666666666666,0.3333333333333333,False
2,0.0,0.8066666666666666,0.03666666666666668,False
3,0.0009999275207519531,0.8401333333333333,0.0073333333333333375,False
4,0.0010008811950683594,0.8477663333333333,0.0012833333333333308,False
5,0.0010004043579101562,0.8495252766666666,0.00025333333333333284,False
6,0.0010001659393310547,0.8499290206999999,5.069999999999988e-05,False
7,0.0,0.8500204540516665,1.0171000000000008e-05,False
8,0.0010006427764892578,0.8500413290473698,2.145536666666565e-06,True
