steps,time,reward,delta,converged
1,0.0009999275207519531,0.6666666666666666,0.3333333333333333,False
2,0.0010008811950683594,0.6666666666666666,0,True
