steps,time,reward,delta,converged
1,0.005000114440917969,0.6666666666666666,0.3333333333333333,False
2,0.005002021789550781,0.6666666666666666,0,True
